{
    "rmse": 0.8119163850018587,
    "mae": 0.6624143657597736,
    "r2": -0.006434360991210086
}