{
    "rmse": 0.7909153113355447,
    "mae": 0.6639543385627547,
    "r2": 0.042187980852853246
}