{
    "rmse": 0.8114561404671788,
    "mae": 0.6682365069782462,
    "r2": 0.030213088991656645
}